ID	X	Y	BarcodeSequence	Description	LinkerPrimerSequence	abx1_pmp_all_bymonth	abx_all_sources	abx_name	abx_pmp_all	antiexposedall	barcodewell	center_name	center_project_name	collection_timestamp	course_num	day_of_life	delivery	diet	diet_2	diet_2_month	diet_3	dna_extracted	elevation	env_biome	env_feature	experiment_design_description	func	geo_loc_name	host_subject_id	instrument_model	latitude	library_construction_protocol	linker	lodi_date	longitude	mom_child	mom_courses_ofdeliveryabx	mom_ld_abx	mom_pre_post_ld	mom_prenatal_abx	mom_prenatal_abx_class	mom_prenatal_abx_trimester	month	month_of_life	noise	original_trajectory	physical_specimen_location	physical_specimen_remaining	platform	run_center	run_date	run_prefix	sample_summary	sample_type	sampletype	samplewell	scientific_name	sequencing_meth	sex	studyid	target_gene	target_subfragment	title
24	0.0,1.0,2.0,3.0,4.0,5.0,6.0,7.0,8.0,9.0,10.0,11.0,12.0	0.217161422046,0.25561619483,0.29395713828,0.333213915261,0.372665662446,0.408013310151,0.439551362384,0.457625023881,0.467339629226,0.475429608633,0.48585166637,0.488294834869,0.479092701253	ATTGACCGGTCA	birth mode	GGACTACHVGGGTWTCTAAT	NA	1	NA	NA	y	P03.B11	NYU Medical School	ECAM	1/4/15	NA	799	Vaginal	bd	bd	bd_26	eb	true	33	urban biome	human-associated habitat	A longitudinal study of the gut microbiome of infants during early life.	k__Bacteria;p__Bacteroidetes	USA:NY:NYC	24	Illumina MiSeq	40.742	16s_V4	CC	26	-73.974	C	na	false	na	false	na	na	26	26.3	0.0	2	NYUMC	true	Illumina	NYUMC Genome Technology Center	2/27/15	SeqRun5	Vaginal.bd.y.1	Stool_Stabilizer	Stool_Stabilizer	P13.F03	human gut metagenome	sequencing by synthesis (Illumina)	Female	24	16s rRNA	V4	ECAM: Antibiotics
25	0.0,1.0,2.0,3.0,4.0,5.0,6.0,7.0,8.0,9.0,10.0,11.0,12.0	0.00691642442144,0.00572787981619,0.00462364054314,0.00362672486019,0.00270501316988,0.00178612228593,0.00113813511406,0.000799517604323,0.000809317111693,0.000944346078602,0.00102776623743,0.00105900260287,0.00099337413696	GTTCTGCTTGTT	birth mode	GGACTACHVGGGTWTCTAAT	NA	1	NA	NA	y	P10.G05	NYU Medical School	ECAM	12/16/14	NA	792	Cesarean	bd	bd	bd_26	bd	true	33	urban biome	human-associated habitat	A longitudinal study of the gut microbiome of infants during early life.	k__Bacteria;p__Bacteroidetes	USA:NY:NYC	25	Illumina MiSeq	40.742	16s_V4	CC	26	-73.974	C	na	true	na	false	na	na	26	26	0.0	3	NYUMC	true	Illumina	NYUMC Genome Technology Center	2/27/15	SeqRun5	Cesarean.fd.n.1	Stool_Stabilizer	Stool_Stabilizer	P12.G05	human gut metagenome	sequencing by synthesis (Illumina)	Male	25	16s rRNA	V4	ECAM: Antibiotics
27	0.0,1.0,2.0,3.0,4.0,5.0,6.0,7.0,8.0,9.0,10.0,11.0,12.0	0.00483628825519,0.00397219892171,0.00319281814953,0.00245976159338,0.00177002524359,0.00124256561092,0.00137757527949,0.00162500802369,0.00189055570317,0.00214725441322,0.00688428426668,0.0309483656156,0.068313914517	TCAGACCAACTG	birth mode	GGACTACHVGGGTWTCTAAT	NA	1	NA	NA	y	P09.G03	NYU Medical School	ECAM	1/20/15	NA	797	Vaginal	bd	bd	bd_26	bd	true	33	urban biome	human-associated habitat	A longitudinal study of the gut microbiome of infants during early life.	k__Bacteria;p__Bacteroidetes	USA:NY:NYC	27	Illumina MiSeq	40.742	16s_V4	CC	26	-73.974	C	na	false	na	false	na	na	26	26.2	0.0	2	NYUMC	true	Illumina	NYUMC Genome Technology Center	2/27/15	SeqRun5	Vaginal.bd.y.1	Stool_Stabilizer	Stool_Stabilizer	P13.G03	human gut metagenome	sequencing by synthesis (Illumina)	Male	27	16s rRNA	V4	ECAM: Antibiotics
20	0.0,1.0,2.0,3.0,4.0,5.0,6.0,7.0,8.0,9.0,10.0,11.0,12.0	0.139869482794,0.13542944776,0.129704192382,0.125125857323,0.123132968129,0.12050358754,0.109268093039,0.11273859759,0.146470107282,0.205002505525,0.254912957071,0.307910830524,0.348805540208	GTGGCCTACTAC	birth mode	GGACTACHVGGGTWTCTAAT	NA	1	NA	NA	y	P09.F02	NYU Medical School	ECAM	1/3/15	NA	856	Cesarean	bd	bd	bd_28	eb	true	33	urban biome	human-associated habitat	A longitudinal study of the gut microbiome of infants during early life.	k__Bacteria;p__Bacteroidetes	USA:NY:NYC	20	Illumina MiSeq	40.742	16s_V4	CC	28	-73.974	C	na	true	na	false	na	na	28	28.1	0.0	3	NYUMC	true	Illumina	NYUMC Genome Technology Center	2/27/15	SeqRun5	Cesarean.bd.y.1	Stool_Stabilizer	Stool_Stabilizer	P13.F02	human gut metagenome	sequencing by synthesis (Illumina)	Female	20	16s rRNA	V4	ECAM: Antibiotics
21	0.0,1.0,2.0,3.0,4.0,5.0,6.0,7.0,8.0,9.0,10.0,11.0,12.0	0.0324257141396,0.0258682362808,0.0208556443326,0.0146318461687,0.0044407496626,0.00788644533349,0.0402179205154,0.0873045560968,0.142786432509,0.202658733367,0.265939104344,0.329974962486,0.380222996276	GTGACGTTAGTC	birth mode	GGACTACHVGGGTWTCTAAT	NA	1	NA	NA	y	P09.H01	NYU Medical School	ECAM	2/8/15	NA	872	Cesarean	fd	fd	fd_29	fd	true	33	urban biome	human-associated habitat	A longitudinal study of the gut microbiome of infants during early life.	k__Bacteria;p__Bacteroidetes	USA:NY:NYC	21	Illumina MiSeq	40.742	16s_V4	CC	29	-73.974	C	na	true	na	false	na	na	29	28.7	0.0	1	NYUMC	true	Illumina	NYUMC Genome Technology Center	2/27/15	SeqRun5	Cesarean.fd.n.1	Stool_Stabilizer	Stool_Stabilizer	P13.H01	human gut metagenome	sequencing by synthesis (Illumina)	Female	21	16s rRNA	V4	ECAM: Antibiotics
22	0.0,1.0,2.0,3.0,4.0,5.0,6.0,7.0,8.0,9.0,10.0,11.0,12.0	0.000316946604121,0.0139775897678,0.0294631946895,0.0459923746285,0.0626341185555,0.0795603314579,0.122912320204,0.174058776166,0.225984398644,0.273078934724,0.309861000211,0.340619528332,0.353406307786	CGTAGGTAGAGG	birth mode	GGACTACHVGGGTWTCTAAT	NA	0	NA	NA	n	P03.C01	NYU Medical School	ECAM	1/25/15	NA	856	Vaginal	fd	fd	fd_28	fd	true	33	urban biome	human-associated habitat	A longitudinal study of the gut microbiome of infants during early life.	k__Bacteria;p__Bacteroidetes	USA:NY:NYC	22	Illumina MiSeq	40.742	16s_V4	CC	28	-73.974	C	na	false	na	false	na	na	28	28.1	0.0	0	NYUMC	true	Illumina	NYUMC Genome Technology Center	2/27/15	SeqRun5	Vaginal.fd.n.0	Stool_Stabilizer	Stool_Stabilizer	P13.G06	human gut metagenome	sequencing by synthesis (Illumina)	Male	22	16s rRNA	V4	ECAM: Antibiotics
46	0.0,1.0,2.0,3.0,4.0,5.0,6.0,7.0,8.0,9.0,10.0,11.0,12.0	0.000805312642512,0.000852210659657,0.000924667591821,0.00103826926957,0.00110343812004,0.0010431702422,0.00106341872007,0.00109821130971,0.00102042361304,0.00107932026073,0.00116850305205,0.00111572187231,0.000995157013564	AACCTCGGATAA	birth mode	GGACTACHVGGGTWTCTAAT	NA	1	NA	NA	n	P09.F07	NYU Medical School	ECAM	1/5/15	NA	433	Cesarean	fd	fd	fd_14	fd	true	33	urban biome	human-associated habitat	A longitudinal study of the gut microbiome of infants during early life.	k__Bacteria;p__Bacteroidetes	USA:NY:NYC	46	Illumina MiSeq	40.742	16s_V4	CC	14	-73.974	C	na	true	na	true	beta-lactam	1	14	14.2	0.0	1	NYUMC	true	Illumina	NYUMC Genome Technology Center	2/27/15	SeqRun5	Cesarean.bd.n.1	Stool_Stabilizer	Stool_Stabilizer	P13.F07	human gut metagenome	sequencing by synthesis (Illumina)	Female	46	16s rRNA	V4	ECAM: Antibiotics
44	0.0,1.0,2.0,3.0,4.0,5.0,6.0,7.0,8.0,9.0,10.0,11.0,12.0	0.669670870756,0.583753401539,0.503145186425,0.428424842305,0.358112247858,0.32532867671,0.321927480532,0.342370579492,0.362862903315,0.381180951309,0.386971092104,0.394742080247,0.400610419312	GCACTTCATTTC	birth mode	GGACTACHVGGGTWTCTAAT	NA	0	NA	NA	n	P10.F07	NYU Medical School	ECAM	12/5/14	NA	553	Vaginal	bd	bd	bd_18	eb	true	33	urban biome	human-associated habitat	A longitudinal study of the gut microbiome of infants during early life.	k__Bacteria;p__Bacteroidetes	USA:NY:NYC	44	Illumina MiSeq	40.742	16s_V4	CC	18	-73.974	C	na	false	na	false	na	na	18	18.2	0.0	2	NYUMC	true	Illumina	NYUMC Genome Technology Center	2/27/15	SeqRun5	Vaginal.bd.n.0	Stool_Stabilizer	Stool_Stabilizer	P12.F07	human gut metagenome	sequencing by synthesis (Illumina)	Male	44	16s rRNA	V4	ECAM: Antibiotics
42	0.0,1.0,2.0,3.0,4.0,5.0,6.0,7.0,8.0,9.0,10.0,11.0,12.0	0.075180352609,0.15764366042,0.23445947071,0.30869383337,0.388955542671,0.42569574025,0.430641837509,0.431426297413,0.428767020578,0.416951604779,0.40856406909,0.409497325818,0.416721290848	AAGTGAAGCGAG	birth mode	GGACTACHVGGGTWTCTAAT	NA	1	NA	NA	y	P09.F05	NYU Medical School	ECAM	1/4/15	NA	616	Vaginal	fd	fd	fd_20	fd	true	33	urban biome	human-associated habitat	A longitudinal study of the gut microbiome of infants during early life.	k__Bacteria;p__Bacteroidetes	USA:NY:NYC	42	Illumina MiSeq	40.742	16s_V4	CC	20	-73.974	C	na	false	na	true	beta-lactam	1	20	20.3	0.0	0	NYUMC	true	Illumina	NYUMC Genome Technology Center	2/27/15	SeqRun5	Vaginal.fd.n.1	Stool_Stabilizer	Stool_Stabilizer	P13.F05	human gut metagenome	sequencing by synthesis (Illumina)	Male	42	16s rRNA	V4	ECAM: Antibiotics
43	0.0,1.0,2.0,3.0,4.0,5.0,6.0,7.0,8.0,9.0,10.0,11.0,12.0	0.288647481058,0.355155515426,0.414766334329,0.470238965899,0.524530895172,0.547337054495,0.541805178316,0.514372397838,0.47814999498,0.444595822483,0.423781439716,0.42445057671,0.434765754738	TGCAGCAAGATT	birth mode	GGACTACHVGGGTWTCTAAT	NA	1	NA	NA	y	P02.D03	NYU Medical School	ECAM	2/11/15	NA	616	Vaginal	fd	fd	fd_20	fd	true	33	urban biome	human-associated habitat	A longitudinal study of the gut microbiome of infants during early life.	k__Bacteria;p__Bacteroidetes	USA:NY:NYC	43	Illumina MiSeq	40.742	16s_V4	CC	20	-73.974	C	na	false	na	false	na	na	20	20.3	0.0	0	NYUMC	true	Illumina	NYUMC Genome Technology Center	2/27/15	SeqRun5	Vaginal.fd.y.1	Stool_Stabilizer	Stool_Stabilizer	P15.D03	human gut metagenome	sequencing by synthesis (Illumina)	Female	43	16s rRNA	V4	ECAM: Antibiotics
41	0.0,1.0,2.0,3.0,4.0,5.0,6.0,7.0,8.0,9.0,10.0,11.0,12.0	0.467516601382,0.471743932497,0.470246496429,0.4633117542,0.453499167491,0.43163125824,0.405015938321,0.373627166834,0.35362618606,0.33698651393,0.342580025358,0.359455331107,0.368494836559	GCCAACAACCAT	birth mode	GGACTACHVGGGTWTCTAAT	NA	1	Amoxicillin	mid	y	P02.C11	NYU Medical School	ECAM	2/11/15	2	647	Vaginal	bd	bd	bd_21	eb	true	33	urban biome	human-associated habitat	A longitudinal study of the gut microbiome of infants during early life.	k__Bacteria;p__Bacteroidetes	USA:NY:NYC	41	Illumina MiSeq	40.742	16s_V4	CC	21	-73.974	C	na	false	na	false	na	na	21	21.3	0.0	2	NYUMC	true	Illumina	NYUMC Genome Technology Center	2/27/15	SeqRun5	Vaginal.bd.y.1	Stool_Stabilizer	Stool_Stabilizer	P15.C11	human gut metagenome	sequencing by synthesis (Illumina)	Male	41	16s rRNA	V4	ECAM: Antibiotics
1	0.0,1.0,2.0,3.0,4.0,5.0,6.0,7.0,8.0,9.0,10.0,11.0,12.0	0.165490838546,0.156553723111,0.146669349288,0.135759803607,0.124138309624,0.11271389522,0.102450907917,0.0935452593763,0.0803311638901,0.0653040734651,0.0469889522506,0.0422089680845,0.0411265743185	GACAGAGGTGCA	birth mode	GGACTACHVGGGTWTCTAAT	NA	1	NA	NA	y	P09.G02	NYU Medical School	ECAM	1/17/15	NA	1038	Vaginal	bd	bd	bd_34	eb	true	33	urban biome	human-associated habitat	A longitudinal study of the gut microbiome of infants during early life.	k__Bacteria;p__Bacteroidetes	USA:NY:NYC	1	Illumina MiSeq	40.742	16s_V4	CC	34	-73.974	C	na	false	na	false	na	na	34	34.1	0.0	2	NYUMC	true	Illumina	NYUMC Genome Technology Center	2/27/15	SeqRun5	Vaginal.bd.y.1	Stool_Stabilizer	Stool_Stabilizer	P13.G02	human gut metagenome	sequencing by synthesis (Illumina)	Female	1	16s rRNA	V4	ECAM: Antibiotics
2	0.0,1.0,2.0,3.0,4.0,5.0,6.0,7.0,8.0,9.0,10.0,11.0,12.0	0.0289595380973,0.0258967353109,0.0233079659679,0.0210600999308,0.019010227265,0.0170209499545,0.0148908497722,0.013767894686,0.0146159439693,0.0179192719603,0.0219939488346,0.0264036134534,0.0307173628757	ATTCTCTCACGT	birth mode	GGACTACHVGGGTWTCTAAT	NA	1	NA	NA	n	P03.A09	NYU Medical School	ECAM	12/8/14	NA	988	Cesarean	bd	bd	bd_33	eb	true	33	urban biome	human-associated habitat	A longitudinal study of the gut microbiome of infants during early life.	k__Bacteria;p__Bacteroidetes	USA:NY:NYC	2	Illumina MiSeq	40.742	16s_V4	CC	33	-73.974	C	na	true	na	true	nitrofuran	1	33	32.5	0.0	3	NYUMC	true	Illumina	NYUMC Genome Technology Center	2/27/15	SeqRun5	Cesarean.bd.n.1	Stool_Stabilizer	Stool_Stabilizer	P12.F12	human gut metagenome	sequencing by synthesis (Illumina)	Male	2	16s rRNA	V4	ECAM: Antibiotics
5	0.0,1.0,2.0,3.0,4.0,5.0,6.0,7.0,8.0,9.0,10.0,11.0,12.0	0.0,0.0,0.0069415371237,0.0366607975168,0.0677585853374,0.0994991111848,0.130566179146,0.160498076883,0.204452235312,0.243963256566,0.282227879968,0.308188218877,0.336220674664	TACCGAAGGTAT	birth mode	GGACTACHVGGGTWTCTAAT	mid	1	Amoxicillin	mid	y	P02.B08	NYU Medical School	ECAM	2/11/15	1	982	Cesarean	fd	fd	fd_32	fd	true	33	urban biome	human-associated habitat	A longitudinal study of the gut microbiome of infants during early life.	k__Bacteria;p__Bacteroidetes	USA:NY:NYC	5	Illumina MiSeq	40.742	16s_V4	CC	32	-73.974	C	na	true	na	false	na	na	32	32.3	0.0	1	NYUMC	true	Illumina	NYUMC Genome Technology Center	2/27/15	SeqRun5	Cesarean.fd.y.1	Stool_Stabilizer	Stool_Stabilizer	P15.B08	human gut metagenome	sequencing by synthesis (Illumina)	Female	5	16s rRNA	V4	ECAM: Antibiotics
4	0.0,1.0,2.0,3.0,4.0,5.0,6.0,7.0,8.0,9.0,10.0,11.0,12.0	0.305891454597,0.216962787854,0.139752961393,0.064460737288,0.010362576407,0.000511153048606,0.000480921562286,0.000511032842123,0.000583738379928,0.000685966936514,0.000845069358507,0.0198800850019,0.0565224739755	CGAGTTCATCGA	birth mode	GGACTACHVGGGTWTCTAAT	NA	1	NA	NA	y	P07.B05	NYU Medical School	ECAM	8/11/13	NA	464	Cesarean	bd	bd	bd_15	eb	true	33	urban biome	human-associated habitat	A longitudinal study of the gut microbiome of infants during early life.	k__Bacteria;p__Bacteroidetes	USA:NY:NYC	4	Illumina MiSeq	40.742	16s_V4	CC	15	-73.974	C	na	true	na	true	beta-lactam	3	15	15.3	0.0	3	NYUMC	true	Illumina	NYUMC Genome Technology Center	2/27/15	SeqRun5	Cesarean.bd.y.1	Stool_Stabilizer	Stool_Stabilizer	P14.B05	human gut metagenome	sequencing by synthesis (Illumina)	Male	4	16s rRNA	V4	ECAM: Antibiotics
7	0.0,1.0,2.0,3.0,4.0,5.0,6.0,7.0,8.0,9.0,10.0,11.0,12.0	0.0132068417363,0.0127727818484,0.0127027335626,0.0129605938254,0.0135524239223,0.0145465555991,0.0162012462149,0.0193435323423,0.0262480011505,0.0572026555771,0.0970521334774,0.140450690666,0.187026363906	ATTTAGGACGAC	birth mode	GGACTACHVGGGTWTCTAAT	NA	1	Augmentin	mid	y	P03.C02	NYU Medical School	ECAM	2/7/15	5	949	Cesarean	bd	bd	bd_31	eb	true	33	urban biome	human-associated habitat	A longitudinal study of the gut microbiome of infants during early life.	k__Bacteria;p__Bacteroidetes	USA:NY:NYC	7	Illumina MiSeq	40.742	16s_V4	CC	31	-73.974	C	na	true	na	false	na	na	31	31.2	0.0	3	NYUMC	true	Illumina	NYUMC Genome Technology Center	2/27/15	SeqRun5	Cesarean.bd.y.1	Stool_Stabilizer	Stool_Stabilizer	P13.G11	human gut metagenome	sequencing by synthesis (Illumina)	Male	7	16s rRNA	V4	ECAM: Antibiotics
9	0.0,1.0,2.0,3.0,4.0,5.0,6.0,7.0,8.0,9.0,10.0,11.0,12.0	0.0486761981854,0.0600552577762,0.0695229741063,0.0769355868688,0.0832832063843,0.0909496918205,0.0908211867313,0.0848592272891,0.0736343554003,0.0642505904568,0.053781975082,0.043618792374,0.0368094730974	TTGCAAGTACCG	birth mode	GGACTACHVGGGTWTCTAAT	NA	0	NA	NA	n	P10.G11	NYU Medical School	ECAM	12/26/14	NA	928	Vaginal	bd	bd	bd_31	eb	true	33	urban biome	human-associated habitat	A longitudinal study of the gut microbiome of infants during early life.	k__Bacteria;p__Bacteroidetes	USA:NY:NYC	9	Illumina MiSeq	40.742	16s_V4	CC	31	-73.974	C	na	false	na	false	na	na	31	30.5	0.0	2	NYUMC	true	Illumina	NYUMC Genome Technology Center	2/27/15	SeqRun5	Vaginal.bd.n.0	Stool_Stabilizer	Stool_Stabilizer	P12.G11	human gut metagenome	sequencing by synthesis (Illumina)	Male	9	16s rRNA	V4	ECAM: Antibiotics
8	0.0,1.0,2.0,3.0,4.0,5.0,6.0,7.0,8.0,9.0,10.0,11.0,12.0	0.0119989904808,0.0217489751874,0.0318322707786,0.043983895993,0.0548161824352,0.0621341795536,0.0740321077132,0.0874957136183,0.101868512936,0.109357217291,0.118322026762,0.13973731771,0.170988457793	TTAAGCGCCTGA	birth mode	GGACTACHVGGGTWTCTAAT	NA	1	NA	NA	y	P10.B01	NYU Medical School	ECAM	10/3/14	NA	795	Vaginal	bd	bd	bd_26	eb	true	33	urban biome	human-associated habitat	A longitudinal study of the gut microbiome of infants during early life.	k__Bacteria;p__Bacteroidetes	USA:NY:NYC	8	Illumina MiSeq	40.742	16s_V4	CC	26	-73.974	C	na	false	na	false	na	na	26	26.1	0.0	2	NYUMC	true	Illumina	NYUMC Genome Technology Center	2/27/15	SeqRun5	Vaginal.bd.y.1	Stool_Stabilizer	Stool_Stabilizer	P12.B01	human gut metagenome	sequencing by synthesis (Illumina)	Male	8	16s rRNA	V4	ECAM: Antibiotics
38	0.0,1.0,2.0,3.0,4.0,5.0,6.0,7.0,8.0,9.0,10.0,11.0,12.0	0.66931328381,0.613090401462,0.558861172182,0.50666990653,0.455077376856,0.417459681025,0.401361639543,0.410833968639,0.435507667141,0.470673995722,0.502204341093,0.526120126355,0.53629320018	AGTGCCCTTGGT	birth mode	GGACTACHVGGGTWTCTAAT	NA	0	NA	NA	n	P09.F10	NYU Medical School	ECAM	1/9/15	NA	610	Vaginal	fd	fd	fd_20	fd	true	33	urban biome	human-associated habitat	A longitudinal study of the gut microbiome of infants during early life.	k__Bacteria;p__Bacteroidetes	USA:NY:NYC	38	Illumina MiSeq	40.742	16s_V4	CC	20	-73.974	C	na	false	na	false	na	na	20	20.1	0.0	0	NYUMC	true	Illumina	NYUMC Genome Technology Center	2/27/15	SeqRun5	Vaginal.fd.n.0	Stool_Stabilizer	Stool_Stabilizer	P13.F10	human gut metagenome	sequencing by synthesis (Illumina)	Male	38	16s rRNA	V4	ECAM: Antibiotics
11	0.0,1.0,2.0,3.0,4.0,5.0,6.0,7.0,8.0,9.0,10.0,11.0,12.0	0.0156185230842,0.0128137489408,0.0102575515367,0.00786116986699,0.00557252188564,0.00328481514344,0.00105262077096,0.00114178551008,0.00126239364022,0.00208921925977,0.0035920798228,0.00590134496313,0.00709601003386	CGACTCTAAACG	birth mode	GGACTACHVGGGTWTCTAAT	NA	1	NA	NA	y	P03.A10	NYU Medical School	ECAM	12/9/14	NA	854	Cesarean	fd	fd	fd_28	fd	true	33	urban biome	human-associated habitat	A longitudinal study of the gut microbiome of infants during early life.	k__Bacteria;p__Bacteroidetes	USA:NY:NYC	11	Illumina MiSeq	40.742	16s_V4	CC	28	-73.974	C	na	true	na	false	na	na	28	28.1	0.0	1	NYUMC	true	Illumina	NYUMC Genome Technology Center	2/27/15	SeqRun5	Cesarean.fd.y.1	Stool_Stabilizer	Stool_Stabilizer	P12.G02	human gut metagenome	sequencing by synthesis (Illumina)	Female	11	16s rRNA	V4	ECAM: Antibiotics
10	0.0,1.0,2.0,3.0,4.0,5.0,6.0,7.0,8.0,9.0,10.0,11.0,12.0	0.272230453562,0.242654683446,0.214324629011,0.187525228891,0.162953707436,0.13785134984,0.124404095285,0.117565042404,0.142632538155,0.167710612238,0.186317618723,0.203274709806,0.224152596442	AGACGTTGCTAC	birth mode	GGACTACHVGGGTWTCTAAT	NA	1	NA	NA	y	P10.B10	NYU Medical School	ECAM	10/15/14	NA	794	Vaginal	bd	bd	bd_26	eb	true	33	urban biome	human-associated habitat	A longitudinal study of the gut microbiome of infants during early life.	k__Bacteria;p__Bacteroidetes	USA:NY:NYC	10	Illumina MiSeq	40.742	16s_V4	CC	26	-73.974	C	na	false	na	false	na	na	26	26.1	0.0	2	NYUMC	true	Illumina	NYUMC Genome Technology Center	2/27/15	SeqRun5	Vaginal.fd.y.1	Stool_Stabilizer	Stool_Stabilizer	P12.B10	human gut metagenome	sequencing by synthesis (Illumina)	Male	10	16s rRNA	V4	ECAM: Antibiotics
12	0.0,1.0,2.0,3.0,4.0,5.0,6.0,7.0,8.0,9.0,10.0,11.0,12.0	0.076223303036,0.061063947923,0.04640947768,0.0318929275139,0.0181593067114,0.00956795321653,0.00760111061647,0.0118576628257,0.022908215291,0.0296233910809,0.0362539525923,0.0495194827648,0.0691159287178	TGTATCTTCACC	birth mode	GGACTACHVGGGTWTCTAAT	NA	1	Amoxicillin	mid	y	P04.B03	NYU Medical School	ECAM	8/3/14	2	732	Cesarean	bd	bd	bd_24	eb	true	33	urban biome	human-associated habitat	A longitudinal study of the gut microbiome of infants during early life.	k__Bacteria;p__Bacteroidetes	USA:NY:NYC	12	Illumina MiSeq	40.742	16s_V4	CC	24	-73.974	C	na	true	na	false	na	na	24	24.1	0.0	3	NYUMC	true	Illumina	NYUMC Genome Technology Center	10/20/14	SeqRun4	Cesarean.bd.y.1	Stool_Stabilizer	Stool_Stabilizer	P10.B03	human gut metagenome	sequencing by synthesis (Illumina)	Female	12	16s rRNA	V4	ECAM: Antibiotics
14	0.0,1.0,2.0,3.0,4.0,5.0,6.0,7.0,8.0,9.0,10.0,11.0,12.0	0.0436692957169,0.0399805661245,0.0360098840021,0.0318165925919,0.0275550922234,0.023423150218,0.01958497835,0.0149522778637,0.0169570405028,0.0269763439371,0.0327752791089,0.0392112197923,0.0524558105036	CGGATAACCTCC	birth mode	GGACTACHVGGGTWTCTAAT	NA	1	NA	NA	n	P03.A12	NYU Medical School	ECAM	12/29/14	NA	854	Vaginal	bd	bd	bd_28	eb	true	33	urban biome	human-associated habitat	A longitudinal study of the gut microbiome of infants during early life.	k__Bacteria;p__Bacteroidetes	USA:NY:NYC	14	Illumina MiSeq	40.742	16s_V4	CC	28	-73.974	C	na	true	na	false	na	na	28	28.1	0.0	2	NYUMC	true	Illumina	NYUMC Genome Technology Center	2/27/15	SeqRun5	Vaginal.bd.n.1	Stool_Stabilizer	Stool_Stabilizer	P12.H01	human gut metagenome	sequencing by synthesis (Illumina)	Male	14	16s rRNA	V4	ECAM: Antibiotics
16	0.0,1.0,2.0,3.0,4.0,5.0,6.0,7.0,8.0,9.0,10.0,11.0,12.0	0.397966040793,0.38145605318,0.364014338804,0.345951504777,0.327542849368,0.311230447234,0.302335324351,0.302876028664,0.306743718337,0.330049871109,0.348741070378,0.378104587902,0.398286703537	ACCAACAGATTG	birth mode	GGACTACHVGGGTWTCTAAT	NA	1	NA	NA	n	P09.F01	NYU Medical School	ECAM	1/3/15	NA	852	Vaginal	bd	bd	bd_28	eb	true	33	urban biome	human-associated habitat	A longitudinal study of the gut microbiome of infants during early life.	k__Bacteria;p__Bacteroidetes	USA:NY:NYC	16	Illumina MiSeq	40.742	16s_V4	CC	28	-73.974	C	na	true	na	false	na	na	28	28	0.0	2	NYUMC	true	Illumina	NYUMC Genome Technology Center	2/27/15	SeqRun5	Vaginal.bd.n.1	Stool_Stabilizer	Stool_Stabilizer	P13.F01	human gut metagenome	sequencing by synthesis (Illumina)	Male	16	16s rRNA	V4	ECAM: Antibiotics
33	0.0,1.0,2.0,3.0,4.0,5.0,6.0,7.0,8.0,9.0,10.0,11.0,12.0	0.176209064393,0.240043924032,0.30210413492,0.363367011621,0.423817441186,0.479884635879,0.513452899554,0.531695747051,0.524653718546,0.519819291593,0.520333385317,0.517182235995,0.505856104231	CACGTTTATTCC	birth mode	GGACTACHVGGGTWTCTAAT	NA	1	NA	NA	y	P09.G07	NYU Medical School	ECAM	1/31/15	NA	751	Vaginal	bd	bd	bd_25	eb	true	33	urban biome	human-associated habitat	A longitudinal study of the gut microbiome of infants during early life.	k__Bacteria;p__Bacteroidetes	USA:NY:NYC	33	Illumina MiSeq	40.742	16s_V4	CC	25	-73.974	C	na	false	na	false	na	na	25	24.7	0.0	2	NYUMC	true	Illumina	NYUMC Genome Technology Center	2/27/15	SeqRun5	Vaginal.bd.y.1	Stool_Stabilizer	Stool_Stabilizer	P13.G07	human gut metagenome	sequencing by synthesis (Illumina)	Female	33	16s rRNA	V4	ECAM: Antibiotics
18	0.0,1.0,2.0,3.0,4.0,5.0,6.0,7.0,8.0,9.0,10.0,11.0,12.0	0.0,0.0456765828385,0.0956596202963,0.14620449334,0.195977501844,0.242161696077,0.290785375403,0.342910525039,0.392756506467,0.429270995882,0.441362368152,0.419542227493,0.398053647915	GGTCGTGTCTTG	birth mode	GGACTACHVGGGTWTCTAAT	NA	1	NA	NA	y	P09.G09	NYU Medical School	ECAM	2/6/15	NA	853	Vaginal	bd	bd	bd_28	eb	true	33	urban biome	human-associated habitat	A longitudinal study of the gut microbiome of infants during early life.	k__Bacteria;p__Bacteroidetes	USA:NY:NYC	18	Illumina MiSeq	40.742	16s_V4	CC	28	-73.974	C	na	false	na	false	na	na	28	28	0.0	2	NYUMC	true	Illumina	NYUMC Genome Technology Center	2/27/15	SeqRun5	Vaginal.bd.n.0	Stool_Stabilizer	Stool_Stabilizer	P13.G09	human gut metagenome	sequencing by synthesis (Illumina)	Female	18	16s rRNA	V4	ECAM: Antibiotics
31	0.0,1.0,2.0,3.0,4.0,5.0,6.0,7.0,8.0,9.0,10.0,11.0,12.0	0.182221482635,0.184274612576,0.183986102347,0.183558132294,0.184370835703,0.184079887079,0.20186204253,0.228359572134,0.263519077587,0.313407910821,0.381926353955,0.452997735358,0.512463956248	GTCTTCAGCAAG	birth mode	GGACTACHVGGGTWTCTAAT	NA	1	NA	NA	n	P03.A11	NYU Medical School	ECAM	12/27/14	NA	729	Vaginal	bd	bd	bd_24	eb	true	33	urban biome	human-associated habitat	A longitudinal study of the gut microbiome of infants during early life.	k__Bacteria;p__Bacteroidetes	USA:NY:NYC	31	Illumina MiSeq	40.742	16s_V4	CC	24	-73.974	C	na	true	na	false	na	na	24	24	0.0	2	NYUMC	true	Illumina	NYUMC Genome Technology Center	2/27/15	SeqRun5	Vaginal.bd.n.1	Stool_Stabilizer	Stool_Stabilizer	P12.G12	human gut metagenome	sequencing by synthesis (Illumina)	Male	31	16s rRNA	V4	ECAM: Antibiotics
30	0.0,1.0,2.0,3.0,4.0,5.0,6.0,7.0,8.0,9.0,10.0,11.0,12.0	0.176185152086,0.175590744608,0.179808240287,0.188953319852,0.202650525668,0.215930619095,0.248582934075,0.280704936034,0.313687989303,0.355531630077,0.391275416035,0.404195497337,0.412030321343	CGCATACGACCT	birth mode	GGACTACHVGGGTWTCTAAT	NA	0	NA	NA	n	P09.E11	NYU Medical School	ECAM	12/31/14	NA	746	Vaginal	bd	bd	bd_25	eb	true	33	urban biome	human-associated habitat	A longitudinal study of the gut microbiome of infants during early life.	k__Bacteria;p__Bacteroidetes	USA:NY:NYC	30	Illumina MiSeq	40.742	16s_V4	CC	25	-73.974	C	na	false	na	false	na	na	25	24.5	0.0	2	NYUMC	true	Illumina	NYUMC Genome Technology Center	2/27/15	SeqRun5	Vaginal.bd.n.0	Stool_Stabilizer	Stool_Stabilizer	P13.E11	human gut metagenome	sequencing by synthesis (Illumina)	Male	30	16s rRNA	V4	ECAM: Antibiotics
37	0.0,1.0,2.0,3.0,4.0,5.0,6.0,7.0,8.0,9.0,10.0,11.0,12.0	0.0282218017022,0.0277332276488,0.0295792510205,0.0337411931772,0.0405554644767,0.0558564665032,0.102222493847,0.170565532911,0.247325632726,0.323742266579,0.3786738972,0.433058112273,0.474843392708	GACTTATGCCCG	birth mode	GGACTACHVGGGTWTCTAAT	NA	1	NA	NA	n	P09.G12	NYU Medical School	ECAM	2/8/15	NA	674	Cesarean	fd	fd	fd_22	fd	true	33	urban biome	human-associated habitat	A longitudinal study of the gut microbiome of infants during early life.	k__Bacteria;p__Bacteroidetes	USA:NY:NYC	37	Illumina MiSeq	40.742	16s_V4	CC	22	-73.974	C	na	true	na	false	na	na	22	22.2	0.0	1	NYUMC	true	Illumina	NYUMC Genome Technology Center	2/27/15	SeqRun5	Cesarean.fd.n.1	Stool_Stabilizer	Stool_Stabilizer	P13.G12	human gut metagenome	sequencing by synthesis (Illumina)	Female	37	16s rRNA	V4	ECAM: Antibiotics
36	0.0,1.0,2.0,3.0,4.0,5.0,6.0,7.0,8.0,9.0,10.0,11.0,12.0	0.000733263625704,0.000658243729594,0.000588807785492,0.000525965195635,0.000458678318753,0.000384154727384,0.000352875106595,0.000374223297532,0.000434123485218,0.000471326689284,0.000619137998218,0.000762124203082,0.000914071946783	GGATGCAGGATG	birth mode	GGACTACHVGGGTWTCTAAT	NA	1	NA	NA	n	P10.F05	NYU Medical School	ECAM	12/4/14	NA	610	Cesarean	fd	fd	fd_20	fd	true	33	urban biome	human-associated habitat	A longitudinal study of the gut microbiome of infants during early life.	k__Bacteria;p__Bacteroidetes	USA:NY:NYC	36	Illumina MiSeq	40.742	16s_V4	CC	20	-73.974	C	na	true	na	false	na	na	20	20.1	0.0	1	NYUMC	true	Illumina	NYUMC Genome Technology Center	2/27/15	SeqRun5	Cesarean.fd.n.1	Stool_Stabilizer	Stool_Stabilizer	P12.F05	human gut metagenome	sequencing by synthesis (Illumina)	Male	36	16s rRNA	V4	ECAM: Antibiotics
35	0.0,1.0,2.0,3.0,4.0,5.0,6.0,7.0,8.0,9.0,10.0,11.0,12.0	0.0828580313762,0.165416641928,0.243035325196,0.319511792058,0.398784560959,0.458310012865,0.488131294222,0.504085351027,0.519292799565,0.519192904242,0.511465561485,0.509933756306,0.504918289758	AATGTCACCAGA	birth mode	GGACTACHVGGGTWTCTAAT	NA	0	NA	NA	n	P10.G09	NYU Medical School	ECAM	12/18/14	NA	608	Vaginal	bd	bd	bd_20	eb	true	33	urban biome	human-associated habitat	A longitudinal study of the gut microbiome of infants during early life.	k__Bacteria;p__Bacteroidetes	USA:NY:NYC	35	Illumina MiSeq	40.742	16s_V4	CC	20	-73.974	C	na	false	na	false	na	na	20	20	0.0	2	NYUMC	true	Illumina	NYUMC Genome Technology Center	2/27/15	SeqRun5	Vaginal.bd.n.0	Stool_Stabilizer	Stool_Stabilizer	P12.G09	human gut metagenome	sequencing by synthesis (Illumina)	Male	35	16s rRNA	V4	ECAM: Antibiotics
34	0.0,1.0,2.0,3.0,4.0,5.0,6.0,7.0,8.0,9.0,10.0,11.0,12.0	0.0,0.0445986663892,0.125091348925,0.202381637999,0.277323796978,0.367580639294,0.447758970965,0.492384278865,0.521069179698,0.546897239348,0.560456914562,0.577282661627,0.558745944874	AAGTGGCTATCC	birth mode	GGACTACHVGGGTWTCTAAT	NA	1	NA	NA	y	P04.F12	NYU Medical School	ECAM	7/10/14	NA	539	Cesarean	fd	fd	fd_18	fd	true	33	urban biome	human-associated habitat	A longitudinal study of the gut microbiome of infants during early life.	k__Bacteria;p__Bacteroidetes	USA:NY:NYC	34	Illumina MiSeq	40.742	16s_V4	CC	18	-73.974	C	na	true	na	false	na	na	18	17.7	0.0	1	NYUMC	true	Illumina	NYUMC Genome Technology Center	10/20/14	SeqRun4	Cesarean.fd.n.1	Stool_Stabilizer	Stool_Stabilizer	P10.F12	human gut metagenome	sequencing by synthesis (Illumina)	Female	34	16s rRNA	V4	ECAM: Antibiotics
32	0.0,1.0,2.0,3.0,4.0,5.0,6.0,7.0,8.0,9.0,10.0,11.0,12.0	0.0115993422001,0.0753623501192,0.141160817647,0.208579582046,0.27512095122,0.337586674384,0.378588933045,0.411978477763,0.445074549054,0.432263494201,0.423855330936,0.401802877932,0.402209789503	ATGTGTGTAGAC	birth mode	GGACTACHVGGGTWTCTAAT	NA	1	Amoxicillin	mid	y	P02.C04	NYU Medical School	ECAM	2/12/15	3	772	Vaginal	bd	bd	bd_25	eb	true	33	urban biome	human-associated habitat	A longitudinal study of the gut microbiome of infants during early life.	k__Bacteria;p__Bacteroidetes	USA:NY:NYC	32	Illumina MiSeq	40.742	16s_V4	CC	25	-73.974	C	na	false	na	false	na	na	25	25.4	0.0	2	NYUMC	true	Illumina	NYUMC Genome Technology Center	2/27/15	SeqRun5	Vaginal.bd.y.1	Stool_Stabilizer	Stool_Stabilizer	P15.C04	human gut metagenome	sequencing by synthesis (Illumina)	Male	32	16s rRNA	V4	ECAM: Antibiotics
